Dr. Boom	130	
Sylvanas Windrunner	88	
Toshley	76	
Loatheb	66	
Bloodmage Thalnos	52	
Blingtron 3000	44	
Millhouse Manastorm	30	
Lorewalker Cho	12	
Mal'Ganis	110	
Sneed's Old Shredder	78	
Mogor the Ogre	68	
Tinkmaster Overspark	58	
Leeroy Jenkins	48	
Baron Rivendare	30	
Nat Pagle	22	
Onyxia	100	
Gruul	68	
Harrison Jones	56	
Mimiron's Head	44	
Nozdormu	38	
Captain Greenskin	28	
Deathwing	100	
Mekgineer Thermaplugg	68	
Hemet Nesingwary	58	
Gazlowe	40	
Rend Blackhand	20	
The Beast	54	
Stalagg	40	
Malygos	54	
Majordomo Executus	48	
Kel'Thuzad	90	
Ragnaros the Firelord	92	
Cairne Bloodhoof	80	
Alexstrasza	92	
Chromaggus	80	
Feugen	72	
Emperor Thaurissan	80	
Maexxna	70	
King Mukla	64	
Hogger	82	
The Black Knight	74	
Illidan Stormrage	82	
Troggzor the Earthinator	74	
Baron Geddon	80	
Lord Jaraxxus	70	
Foe Reaper 4000	80	
Nefarian	82	
Ysera	84	
Bane of Doom	92	
Sea Giant	82	
Piloted Sky Golem	78	
Big Game Hunter	64	
Echoing Ooze	50	
Southsea Captain	40	
Hungry Crab	30	
Junkbot	10	
Molten Giant	74	
Blood Knight	62	
Recombobulator	58	
Mountain Giant	40	
Doomsayer	30	
Anima Golem	26	
Shade of Naxxramas	66	
Pit Lord	56	
Hobgoblin	34	
Clockwork Giant	28	
Demonheart	66	
Faceless Manipulator	58	
Murloc Warleader	38	
Fel Reaver	68	
Twisting Nether	54	
Enhance-o Mechano	36	
Mini-Mage	36	
Imp-losion	110	
Sludge Belcher	88	
Knife Juggler	76	
Mistress of Pain	60	
Young Priestess	50	
Pint-Sized Summoner	44	
Target Dummy	30	
Angry Chicken	12	
Ancient Watcher	2	
Demonwrath	70	
Sunfury Protector	62	
Crazed Alchemist	50	
Demolisher	42	
Bloodsail Corsair	34	
Dragon Egg	22	
Coldlight Oracle	4	
Defender of Argus	78	
Emperor Cobra	60	
Wild Pyromancer	56	
Goblin Sapper	40	
Mana Wraith	30	
Lightwarden	24	
Alarm-o-Bot	1	
Shadowflame	76	
Imp Master	68	
Arcane Golem	52	
Illuminator	40	
Nerubian Egg	36	
Murloc Tidecaller	20	
Siphon Soul	90	
Azure Drake	76	
Mind Control Tech	68	
Deathlord	50	
Void Terror	42	
Gadgetzan Auctioneer	38	
Secretkeeper	22	
Sunwalker	92	
Bomb Lobber	80	
Doomguard	78	
Twilight Drake	66	
Gnomish Experimenter	50	
Felguard	46	
Mana Addict	12	
Stampeding Kodo	80	
Violet Teacher	66	
Injured Blademaster	54	
Kezan Mystic	42	
Master Swordsmith	20	
Argent Commander	80	
Madder Bomber	68	
Questing Adventurer	56	
Lil' Exorcist	48	
Coldlight Seer	10	
Arcane Nullifier X-21	56	
Wailing Soul	48	
Ancient Mage	22	
Fel Cannon	50	
Abomination	40	
Jeeves	24	
Ravenholdt Assassin	44	
Grim Patron	18	
Dark Iron Dwarf	76	
Flame Imp	66	
Argent Squire	58	
Cogmaster	40	
Corruption	32	
Wisp	20	
Sacrificial Pact	2	
Sen'jin Shieldmasta	76	
Soulfire	66	
Clockwork Gnome	56	
Leper Gnome	44	
Goldshire Footman	34	
Grimscale Oracle	12	
Stoneskin Gargoyle	2	
Dread Infernal	76	
Worgen Infiltrator	66	
Elven Archer	58	
Stonetusk Boar	42	
Murloc Raider	38	
Young Dragonhawk	14	
Mad Bomber	68	
Acidic Swamp Ooze	58	
Voodoo Doctor	48	
Shieldbearer	32	
Explosive Sheep	26	
Imp Gang Boss	90	
Ogre Brute	66	
Bloodfen Raptor	52	
Drain Life	48	
Southsea Deckhand	38	
Mad Scientist	26	
Zombie Chow	80	
Scarlet Crusader	68	
Bloodsail Raider	52	
Ironbeak Owl	44	
Undertaker	30	
Dalaran Mage	14	
Piloted Shredder	80	
Shattered Sun Cleric	68	
Bluegill Warrior	50	
Murloc Tidehunter	44	
Frostwolf Grunt	40	
Flying Machine	12	
Mortal Coil	72	
Spellbreaker	66	
Demonfire	58	
Novice Engineer	48	
Kobold Geomancer	34	
Magma Rager	16	
Darkbomb	70	
Voidcaller	66	
Dire Wolf Alpha	56	
Unstable Ghoul	46	
Nerub'ar Weblord	38	
Raid Leader	20	
Haunted Creeper	72	
Fen Creeper	68	
Faerie Dragon	56	
Blackwing Technician	46	
Succubus	32	
Silverback Patriarch	24	
Earthen Ring Farseer	70	
Floating Watcher	66	
Loot Hoarder	56	
Tinkertown Technician	46	
Dancing Swords	34	
Thrallmar Farseer	12	
Harvest Golem	70	
Spectral Knight	66	
Micro Machine	52	
Ancient Brewmaster	46	
Gnomeregan Infantry	34	
Dread Corsair	20	
Spider Tank	70	
Stranglethorn Tiger	66	
Puddlestomper	52	
Mogu'shan Warden	42	
Ironforge Rifleman	36	
Summoning Portal	16	
Chillwind Yeti	70	
Frost Elemental	66	
River Crocolisk	52	
Oasis Snapjaw	42	
Sense Demons	38	
Windfury Harpy	26	
Mechanical Yeti	70	
Ship's Cannon	52	
Ogre Magi	48	
Tauren Warrior	30	
Core Hound	28	
Silver Hand Knight	72	
Stonesplinter Trogg	56	
Silvermoon Guardian	46	
Dragonling Mechanic	36	
Boulderfist Ogre	70	
Abusive Sergeant	64	
Youthful Brewmaster	50	
Blackwing Corruptor	46	
Nightblade	36	
Drakonid Crusher	70	
Blood Imp	60	
Acolyte of Pain	54	
Booty Bay Bodyguard	46	
Priestess of Elune	38	
Stormwind Champion	70	
Power Overwhelming	64	
Flesheating Ghoul	50	
Gurubashi Berserker	44	
Voidwalker	62	
Ironfur Grizzly	56	
Salty Dog	40	
Amani Berserker	60	
Jungle Panther	52	
Reckless Rocketeer	46	
Annoy-o-Tron	62	
Raging Worgen	54	
Gilblin Stalker	64	
Razorfen Hunter	52	
Mechwarper	60	
Wolfrider	50	
Shadow Bolt	60	
Cult Master	56	
Burly Rockjaw Trogg	60	
Dragonkin Sorcerer	50	
Hellfire	60	
Gnomish Inventor	56	
Hungry Dragon	60	
Lost Tallstrider	54	
Antique Healbot	60	
Stormwind Knight	54	
Darkscale Healer	64	
Lord of the Arena	58	
Frostwolf Warlord	60	
Venture Co. Mercenary	54	
Force-Tank MAX	60	
Spiteful Smith	52	
Stormpike Commando	56	
Archmage	52	
Volcanic Drake	50	
War Golem	50	